TCI,HydroGp,Transect,Species,Year,time,mTCI
11,Group 5,17,RRG,2016,-0.5,0.595
12,Group 5,17,RRG,2018,1.5,0.7125
10,Group 5,17,RRG,2015,-1.5,0.51
10,Group 5,17,RRG,2016,-0.5,0.51
11,Group 5,17,RRG,2018,1.5,0.675
13,Group 5,17,RRG,2015,-1.5,0.7735
13,Group 5,17,RRG,2016,-0.5,0.7735
12,Group 5,17,RRG,2018,1.5,0.665
12,Group 5,17,RRG,2015,-1.5,0.7225
12,Group 2,16,RRG,2016,-0.5,0.728
12,Group 2,16,RRG,2018,1.5,0.7125
12,Group 2,16,RRG,2015,-1.5,0.728
11,Group 2,16,RRG,2016,-0.5,0.567
11,Group 2,16,RRG,2018,1.5,0.675
11,Group 2,16,RRG,2015,-1.5,0.567
7,Group 2,16,RRG,2016,-0.5,0.24
12,Group 2,16,RRG,2018,1.5,0.7125
7,Group 2,16,RRG,2015,-1.5,0.24
5,Group 2,16,RRG,2016,-0.5,0.06
12,Group 2,16,RRG,2018,1.5,0.7125
5,Group 2,16,RRG,2015,-1.5,0.06
8,Group 2,16,RRG,2016,-0.5,0.225
12,Group 2,16,RRG,2018,1.5,0.7125
8,Group 2,16,RRG,2015,-1.5,0.225
8,Group 2,16,RRG,2016,-0.5,0.225
11,Group 2,16,RRG,2018,1.5,0.675
8,Group 2,16,RRG,2015,-1.5,0.225
7,Group 2,16,RRG,2016,-0.5,0.24
12,Group 2,16,RRG,2018,1.5,0.665
7,Group 2,16,RRG,2015,-1.5,0.24
6,Group 2,16,RRG,2016,-0.5,0.12
11,Group 2,16,RRG,2018,1.5,0.675
6,Group 2,16,RRG,2015,-1.5,0.12
7,Group 2,16,RRG,2016,-0.5,0.24
11,Group 2,16,RRG,2018,1.5,0.63
7,Group 2,16,RRG,2015,-1.5,0.24
10,Group 2,16,RRG,2016,-0.5,0.486
12,Group 2,16,RRG,2018,1.5,0.76
10,Group 2,16,RRG,2015,-1.5,0.486
8,Group 2,16,RRG,2016,-0.5,0.3
12,Group 2,16,RRG,2018,1.5,0.665
8,Group 2,16,RRG,2015,-1.5,0.3
11,Group 2,16,RRG,2016,-0.5,0.567
12,Group 2,16,RRG,2018,1.5,0.76
11,Group 2,16,RRG,2015,-1.5,0.567
7,Group 2,16,RRG,2016,-0.5,0.24
12,Group 2,16,RRG,2018,1.5,0.7125
7,Group 2,16,RRG,2015,-1.5,0.24
5,Group 2,16,RRG,2016,-0.5,0.06
11,Group 2,16,RRG,2018,1.5,0.72
5,Group 2,16,RRG,2015,-1.5,0.06
3,Group 2,16,RRG,2016,-0.5,0.015
11,Group 2,16,RRG,2018,1.5,0.5525
3,Group 2,16,RRG,2015,-1.5,0.015
4,Group 2,16,RRG,2016,-0.5,0.03
12,Group 2,16,RRG,2018,1.5,0.665
4,Group 2,16,RRG,2015,-1.5,0.03
10,Group 2,16,RRG,2016,-0.5,0.6
11,Group 2,16,RRG,2018,1.5,0.675
10,Group 2,16,RRG,2015,-1.5,0.6
9,Group 2,16,RRG,2016,-0.5,0.35
11,Group 2,16,RRG,2018,1.5,0.675
9,Group 2,16,RRG,2015,-1.5,0.35
5,Group 2,16,RRG,2016,-0.5,0.06
11,Group 2,16,RRG,2018,1.5,0.475
5,Group 2,16,RRG,2015,-1.5,0.06
9,Group 2,16,RRG,2016,-0.5,0.35
12,Group 2,16,RRG,2018,1.5,0.665
9,Group 2,16,RRG,2015,-1.5,0.35
7,Group 2,16,RRG,2016,-0.5,0.15
12,Group 2,16,RRG,2018,1.5,0.7125
7,Group 2,16,RRG,2015,-1.5,0.15
5,Group 2,16,RRG,2016,-0.5,0.06
12,Group 2,16,RRG,2018,1.5,0.665
5,Group 2,16,RRG,2015,-1.5,0.06
8,Group 2,16,RRG,2016,-0.5,0.195
12,Group 2,16,RRG,2018,1.5,0.7125
8,Group 2,16,RRG,2015,-1.5,0.195
11,Group 2,16,RRG,2018,1.5,0.68
7,Group 2,16,RRG,2016,-0.5,0.13
7,Group 2,16,RRG,2015,-1.5,0.13
8,Group 2,16,RRG,2016,-0.5,0.195
12,Group 2,16,RRG,2018,1.5,0.665
8,Group 2,16,RRG,2015,-1.5,0.195
8,Group 2,16,RRG,2016,-0.5,0.32
11,Group 2,16,RRG,2018,1.5,0.6375
8,Group 2,16,RRG,2015,-1.5,0.32
2,Group 2,16,RRG,2016,-0.5,0.005
9,Group 2,16,RRG,2018,1.5,0.4125
2,Group 2,16,RRG,2015,-1.5,0.005
10,Group 2,16,RRG,2016,-0.5,0.3825
10,Group 2,16,RRG,2018,1.5,0.54
10,Group 2,16,RRG,2015,-1.5,0.3825
9,Group 2,16,RRG,2016,-0.5,0.3375
13,Group 2,16,RRG,2018,1.5,0.8075
9,Group 2,16,RRG,2015,-1.5,0.3375
6,Group 2,16,RRG,2016,-0.5,0.1
10,Group 2,16,RRG,2018,1.5,0.56
6,Group 2,16,RRG,2015,-1.5,0.1
12,Group 5,17,RRG,2016,-0.5,0.61
12,Group 5,17,RRG,2018,1.5,0.7125
12,Group 5,17,RRG,2015,-1.5,0.61
13,Group 5,17,RRG,2015,-1.5,0.7735
13,Group 5,17,RRG,2016,-0.5,0.7735
12,Group 5,17,RRG,2018,1.5,0.76
12,Group 5,17,RRG,2016,-0.5,0.7
11,Group 5,17,RRG,2018,1.5,0.63
12,Group 5,17,RRG,2015,-1.5,0.7
13,Group 5,17,RRG,2015,-1.5,0.7371
13,Group 5,17,RRG,2016,-0.5,0.7371
12,Group 5,17,RRG,2018,1.5,0.75
10,Group 5,17,RRG,2015,-1.5,0.427
10,Group 5,17,RRG,2016,-0.5,0.427
12,Group 5,17,RRG,2018,1.5,0.765
10,Group 5,17,RRG,2015,-1.5,0.49
10,Group 5,17,RRG,2016,-0.5,0.49
12,Group 5,17,RRG,2018,1.5,0.765
12,Group 5,17,RRG,2015,-1.5,0.7225
12,Group 5,17,RRG,2016,-0.5,0.7225
12,Group 5,17,RRG,2018,1.5,0.7225
11,Group 5,17,RRG,2018,1.5,0.72
12,Group 5,17,RRG,2015,-1.5,0.6561
12,Group 5,17,RRG,2016,-0.5,0.6561
11,Group 5,17,RRG,2015,-1.5,0.4941
11,Group 5,17,RRG,2016,-0.5,0.4941
11,Group 5,17,RRG,2018,1.5,0.6375
9,Group 5,17,RRG,2015,-1.5,0.4
9,Group 5,17,RRG,2016,-0.5,0.4
9,Group 5,17,RRG,2018,1.5,0.3575
12,Group 5,17,RRG,2015,-1.5,0.7225
12,Group 5,17,RRG,2016,-0.5,0.7225
12,Group 5,17,RRG,2018,1.5,0.7125
8,Group 5,17,RRG,2015,-1.5,0.08
8,Group 5,17,RRG,2016,-0.5,0.08
12,Group 5,17,RRG,2018,1.5,0.7125
12,Group 5,17,RRG,2015,-1.5,0.637
12,Group 5,17,RRG,2016,-0.5,0.637
12,Group 5,17,RRG,2018,1.5,0.75
12,Group 5,17,RRG,2015,-1.5,0.637
12,Group 5,17,RRG,2016,-0.5,0.637
12,Group 5,17,RRG,2018,1.5,0.665
10,Group 5,17,RRG,2015,-1.5,0.51
10,Group 5,17,RRG,2016,-0.5,0.51
12,Group 5,17,RRG,2018,1.5,0.665
13,Group 5,17,RRG,2015,-1.5,0.7735
13,Group 5,17,RRG,2016,-0.5,0.7735
12,Group 5,17,RRG,2018,1.5,0.7125
12,Group 5,17,RRG,2015,-1.5,0.637
12,Group 5,17,RRG,2016,-0.5,0.637
12,Group 5,17,RRG,2018,1.5,0.7125
10,Group 5,17,RRG,2015,-1.5,0.405
10,Group 5,17,RRG,2016,-0.5,0.405
12,Group 5,17,RRG,2018,1.5,0.7125
10,Group 5,17,RRG,2015,-1.5,0.405
10,Group 5,17,RRG,2016,-0.5,0.405
12,Group 5,17,RRG,2018,1.5,0.7125
10,Group 5,17,RRG,2015,-1.5,0.405
10,Group 5,17,RRG,2016,-0.5,0.405
12,Group 5,17,RRG,2018,1.5,0.7125
11,Group 5,17,RRG,2015,-1.5,0.648
11,Group 5,17,RRG,2016,-0.5,0.648
12,Group 5,17,RRG,2018,1.5,0.76
10,Group 5,17,RRG,2015,-1.5,0.56
10,Group 5,17,RRG,2016,-0.5,0.56
11,Group 5,17,RRG,2018,1.5,0.675
10,Group 5,17,RRG,2015,-1.5,0.56
10,Group 5,17,RRG,2016,-0.5,0.56
12,Group 5,17,RRG,2018,1.5,0.7125
9,Group 5,17,RRG,2015,-1.5,0.42
9,Group 5,17,RRG,2016,-0.5,0.42
11,Group 5,17,RRG,2018,1.5,0.675
11,Group 5,17,RRG,2015,-1.5,0.63
11,Group 5,17,RRG,2016,-0.5,0.63
10,Group 5,17,RRG,2018,1.5,0.495
12,Group 5,17,RRG,2015,-1.5,0.5915
12,Group 5,17,RRG,2016,-0.5,0.5915
12,Group 5,17,RRG,2018,1.5,0.76
11,Group 5,17,RRG,2015,-1.5,0.595
12,Group 5,17,RRG,2016,-0.5,0.7225
12,Group 5,17,RRG,2018,1.5,0.76
10,Group 2,19,BB,2015,-1.5,0.525
10,Group 2,19,BB,2016,-0.5,0.525
11,Group 2,19,BB,2018,1.5,0.675
3,Group 2,19,BB,2015,-1.5,0.015
3,Group 2,19,BB,2016,-0.5,0.015
6,Group 2,19,BB,2018,1.5,0.0325
8,Group 2,19,BB,2015,-1.5,0.36
8,Group 2,19,BB,2016,-0.5,0.36
5,Group 1,2,BB,2015,-1.5,0.06
5,Group 1,2,BB,2016,-0.5,0.06
10,Group 1,2,BB,2018,1.5,0.6
8,Group 1,2,BB,2015,-1.5,0.36
8,Group 1,2,BB,2016,-0.5,0.36
9,Group 1,2,BB,2015,-1.5,0.35
9,Group 1,2,BB,2016,-0.5,0.35
12,Group 1,2,BB,2018,1.5,0.7225
11,Group 1,2,BB,2015,-1.5,0.546
11,Group 1,2,BB,2016,-0.5,0.546
12,Group 1,2,BB,2018,1.5,0.76
7,Group 1,2,BB,2015,-1.5,0.15
7,Group 1,2,BB,2016,-0.5,0.15
10,Group 1,2,BB,2018,1.5,0.56
7,Group 1,2,BB,2015,-1.5,0.2
7,Group 1,2,BB,2016,-0.5,0.2
10,Group 1,2,BB,2018,1.5,0.64
10,Group 3,7,BB,2018,1.5,0.6
8,Group 3,7,BB,2015,-1.5,0.25
8,Group 3,7,BB,2016,-0.5,0.25
11,Group 3,7,BB,2018,1.5,0.68
11,Group 3,7,BB,2015,-1.5,0.6075
11,Group 3,7,BB,2016,-0.5,0.6075
10,Group 3,7,BB,2018,1.5,0.5625
10,Group 3,7,BB,2015,-1.5,0.525
10,Group 3,7,BB,2016,-0.5,0.525
12,Group 3,7,BB,2018,1.5,0.76
9,Group 3,7,BB,2015,-1.5,0.42
9,Group 3,7,BB,2016,-0.5,0.42
11,Group 3,7,BB,2018,1.5,0.72
9,Group 3,7,BB,2015,-1.5,0.42
9,Group 3,7,BB,2016,-0.5,0.42
12,Group 3,7,BB,2018,1.5,0.7225
11,Group 3,7,BB,2015,-1.5,0.567
11,Group 3,7,BB,2016,-0.5,0.567
11,Group 3,7,BB,2018,1.5,0.72
7,Group 3,7,BB,2016,-0.5,0.24
8,Group 2,10,BB,2015,-1.5,0.36
8,Group 2,10,BB,2016,-0.5,0.36
10,Group 2,10,BB,2018,1.5,0.5625
7,Group 2,10,BB,2015,-1.5,0.2
7,Group 2,10,BB,2016,-0.5,0.2
9,Group 2,10,BB,2018,1.5,0.4125
6,Group 2,10,BB,2015,-1.5,0.12
6,Group 2,10,BB,2016,-0.5,0.12
10,Group 2,10,BB,2018,1.5,0.49
8,Group 2,10,BB,2015,-1.5,0.3
8,Group 2,10,BB,2016,-0.5,0.3
10,Group 2,10,BB,2018,1.5,0.5625
7,Group 2,10,BB,2015,-1.5,0.14
7,Group 2,10,BB,2016,-0.5,0.14
10,Group 2,10,BB,2018,1.5,0.5625
9,Group 2,10,BB,2015,-1.5,0.35
9,Group 2,10,BB,2016,-0.5,0.35
10,Group 2,10,BB,2018,1.5,0.56
7,Group 2,10,BB,2015,-1.5,0.24
10,Group 2,19,BB,2018,1.5,0.6
10,Group 2,19,BB,2015,-1.5,0.525
10,Group 2,19,BB,2016,-0.5,0.525
10,Group 2,19,BB,2018,1.5,0.64
10,Group 2,19,BB,2015,-1.5,0.52
10,Group 2,19,BB,2016,-0.5,0.52
12,Group 2,19,BB,2018,1.5,0.7225
8,Group 2,19,BB,2015,-1.5,0.1681
8,Group 2,19,BB,2016,-0.5,0.1681
10,Group 2,19,BB,2018,1.5,0.6
10,Group 2,19,BB,2015,-1.5,0.525
10,Group 2,19,BB,2016,-0.5,0.525
11,Group 2,19,BB,2018,1.5,0.68
10,Group 2,19,BB,2015,-1.5,0.525
10,Group 2,19,BB,2016,-0.5,0.525
10,Group 2,19,BB,2018,1.5,0.6
9,Group 2,19,BB,2015,-1.5,0.42
9,Group 2,19,BB,2016,-0.5,0.42
11,Group 2,19,BB,2018,1.5,0.68
12,Group 2,19,BB,2018,1.5,0.7225
11,Group 2,19,BB,2015,-1.5,0.595
11,Group 2,19,BB,2016,-0.5,0.595
11,Group 2,19,BB,2015,-1.5,0.5265
11,Group 2,19,BB,2016,-0.5,0.5265
11,Group 2,19,BB,2018,1.5,0.68
10,Group 2,19,BB,2015,-1.5,0.525
10,Group 2,19,BB,2016,-0.5,0.525
10,Group 2,19,BB,2018,1.5,0.6
10,Group 2,19,BB,2015,-1.5,0.49
10,Group 2,19,BB,2016,-0.5,0.49
11,Group 2,19,BB,2018,1.5,0.68
5,Group 2,19,BB,2015,-1.5,0.05
5,Group 2,19,BB,2016,-0.5,0.05
10,Group 2,19,BB,2018,1.5,0.4675
7,Group 2,19,BB,2015,-1.5,0.18
7,Group 2,19,BB,2016,-0.5,0.18
10,Group 2,19,BB,2018,1.5,0.5625
5,Group 2,19,BB,2015,-1.5,0.06
5,Group 2,19,BB,2016,-0.5,0.06
11,Group 2,19,BB,2018,1.5,0.68
6,Group 2,19,BB,2015,-1.5,0.09
6,Group 2,19,BB,2016,-0.5,0.09
9,Group 2,19,BB,2018,1.5,0.4
6,Group 2,19,BB,2015,-1.5,0.09
6,Group 2,19,BB,2016,-0.5,0.09
10,Group 2,19,BB,2018,1.5,0.56
7,Group 2,19,BB,2015,-1.5,0.18
7,Group 2,19,BB,2016,-0.5,0.18
11,Group 2,19,BB,2018,1.5,0.68
8,Group 2,19,BB,2015,-1.5,0.3
8,Group 2,19,BB,2016,-0.5,0.3
10,Group 2,19,BB,2018,1.5,0.6
8,Group 2,19,BB,2015,-1.5,0.205
8,Group 2,19,BB,2016,-0.5,0.205
11,Group 2,19,BB,2018,1.5,0.68
6,Group 2,19,BB,2015,-1.5,0.09
6,Group 2,19,BB,2016,-0.5,0.09
10,Group 2,19,BB,2018,1.5,0.56
6,Group 2,19,BB,2015,-1.5,0.12
6,Group 2,19,BB,2016,-0.5,0.12
11,Group 2,19,BB,2018,1.5,0.675
7,Group 2,19,BB,2015,-1.5,0.18
7,Group 2,19,BB,2016,-0.5,0.18
11,Group 2,19,BB,2018,1.5,0.675
7,Group 2,19,BB,2015,-1.5,0.15
7,Group 2,19,BB,2016,-0.5,0.15
11,Group 2,19,BB,2018,1.5,0.6375
8,Group 2,19,BB,2015,-1.5,0.205
8,Group 2,19,BB,2016,-0.5,0.205
11,Group 2,19,BB,2018,1.5,0.68
10,Group 2,19,BB,2015,-1.5,0.3721
10,Group 2,19,BB,2016,-0.5,0.3721
12,Group 2,19,BB,2018,1.5,0.7225
6,Group 2,19,BB,2015,-1.5,0.12
6,Group 2,19,BB,2016,-0.5,0.12
10,Group 2,19,BB,2018,1.5,0.6
7,Group 2,19,BB,2015,-1.5,0.18
7,Group 2,19,BB,2016,-0.5,0.18
10,Group 2,19,BB,2018,1.5,0.6
6,Group 2,19,BB,2015,-1.5,0.09
6,Group 2,19,BB,2016,-0.5,0.09
10,Group 2,19,BB,2018,1.5,0.5625
14,Group 5,18,RRG,2015,-1.5,0.91
14,Group 5,18,RRG,2016,-0.5,0.91
11,Group 5,18,RRG,2015,-1.5,0.5
11,Group 5,18,RRG,2016,-0.5,0.5
12,Group 5,18,RRG,2015,-1.5,0.637
12,Group 5,18,RRG,2016,-0.5,0.637
11,Group 5,18,RRG,2018,1.5,0.63
12,Group 5,18,RRG,2018,1.5,0.665
14,Group 5,18,RRG,2015,-1.5,0.91
14,Group 5,18,RRG,2016,-0.5,0.91
14,Group 5,18,RRG,2015,-1.5,0.91
14,Group 5,18,RRG,2016,-0.5,0.91
12,Group 5,18,RRG,2018,1.5,0.7225
13,Group 5,18,RRG,2015,-1.5,0.81
13,Group 5,18,RRG,2016,-0.5,0.81
13,Group 5,18,RRG,2015,-1.5,0.7371
13,Group 5,18,RRG,2016,-0.5,0.7371
12,Group 5,18,RRG,2018,1.5,0.8
13,Group 5,18,RRG,2015,-1.5,0.9
13,Group 5,18,RRG,2016,-0.5,0.9
8,Group 5,18,RRG,2018,1.5,0.3
13,Group 5,18,RRG,2015,-1.5,0.81
13,Group 5,18,RRG,2016,-0.5,0.81
12,Group 5,18,RRG,2018,1.5,0.76
13,Group 5,18,RRG,2015,-1.5,0.81
13,Group 5,18,RRG,2016,-0.5,0.81
9,Group 5,18,RRG,2018,1.5,0.35
13,Group 5,18,RRG,2015,-1.5,0.7371
13,Group 5,18,RRG,2016,-0.5,0.7371
12,Group 5,18,RRG,2018,1.5,0.7125
13,Group 5,18,RRG,2015,-1.5,0.7371
13,Group 5,18,RRG,2016,-0.5,0.7371
11,Group 5,18,RRG,2018,1.5,0.675
13,Group 5,18,RRG,2015,-1.5,0.7371
13,Group 5,18,RRG,2016,-0.5,0.7371
12,Group 5,18,RRG,2018,1.5,0.665
13,Group 5,18,RRG,2015,-1.5,0.7371
13,Group 5,18,RRG,2016,-0.5,0.7371
12,Group 5,18,RRG,2018,1.5,0.665
11,Group 5,18,RRG,2015,-1.5,0.546
11,Group 5,18,RRG,2016,-0.5,0.546
12,Group 5,18,RRG,2018,1.5,0.7125
12,Group 5,18,RRG,2015,-1.5,0.637
12,Group 5,18,RRG,2016,-0.5,0.637
11,Group 5,18,RRG,2018,1.5,0.675
12,Group 5,18,RRG,2015,-1.5,0.6825
12,Group 5,18,RRG,2016,-0.5,0.6825
12,Group 5,18,RRG,2018,1.5,0.7125
13,Group 5,18,RRG,2015,-1.5,0.9
13,Group 5,18,RRG,2016,-0.5,0.9
12,Group 5,18,RRG,2018,1.5,0.665
11,Group 5,18,RRG,2016,-0.5,0.63
10,Group 5,18,RRG,2018,1.5,0.49
11,Group 5,18,RRG,2015,-1.5,0.63
8,Group 5,18,RRG,2015,-1.5,0.36
8,Group 5,18,RRG,2016,-0.5,0.36
13,Group 5,18,RRG,2018,1.5,0.8075
12,Group 5,18,RRG,2015,-1.5,0.637
12,Group 5,18,RRG,2016,-0.5,0.637
12,Group 5,18,RRG,2018,1.5,0.7225
14,Group 5,18,RRG,2015,-1.5,0.8281
14,Group 5,18,RRG,2016,-0.5,0.8281
11,Group 5,18,RRG,2018,1.5,0.72
11,Group 5,18,RRG,2015,-1.5,0.675
11,Group 5,18,RRG,2016,-0.5,0.675
12,Group 5,18,RRG,2018,1.5,0.7125
13,Group 5,18,RRG,2015,-1.5,0.819
13,Group 5,18,RRG,2016,-0.5,0.819
11,Group 5,18,RRG,2015,-1.5,0.63
11,Group 5,18,RRG,2016,-0.5,0.63
12,Group 5,18,RRG,2018,1.5,0.76
10,Group 5,18,RRG,2015,-1.5,0.45
10,Group 5,18,RRG,2016,-0.5,0.45
12,Group 5,18,RRG,2018,1.5,0.665
11,Group 5,18,RRG,2015,-1.5,0.675
11,Group 5,18,RRG,2016,-0.5,0.675
12,Group 5,18,RRG,2018,1.5,0.7125
7,Group 5,18,RRG,2015,-1.5,0.164
7,Group 5,18,RRG,2016,-0.5,0.164
10,Group 5,18,RRG,2018,1.5,0.51
10,Group 5,18,RRG,2015,-1.5,0.49
10,Group 5,18,RRG,2016,-0.5,0.49
10,Group 5,18,RRG,2018,1.5,0.64
11,Group 5,18,RRG,2015,-1.5,0.6075
11,Group 5,18,RRG,2016,-0.5,0.6075
13,Group 5,18,RRG,2018,1.5,0.8075
9,Group 1,2,BB,2015,-1.5,0.35
9,Group 1,2,BB,2016,-0.5,0.35
12,Group 1,2,BB,2018,1.5,0.7225
11,Group 1,2,BB,2015,-1.5,0.6375
11,Group 1,2,BB,2016,-0.5,0.6375
13,Group 1,2,BB,2018,1.5,0.8075
9,Group 1,2,BB,2015,-1.5,0.42
9,Group 1,2,BB,2016,-0.5,0.42
13,Group 1,2,BB,2018,1.5,0.8075
7,Group 1,2,BB,2015,-1.5,0.24
7,Group 1,2,BB,2016,-0.5,0.24
11,Group 1,2,BB,2018,1.5,0.68
11,Group 1,2,BB,2015,-1.5,0.6075
11,Group 1,2,BB,2016,-0.5,0.6075
12,Group 1,2,BB,2018,1.5,0.81
10,Group 1,2,BB,2015,-1.5,0.486
10,Group 1,2,BB,2016,-0.5,0.486
12,Group 1,2,BB,2018,1.5,0.765
7,Group 1,2,BB,2015,-1.5,0.15
7,Group 1,2,BB,2016,-0.5,0.15
11,Group 1,2,BB,2018,1.5,0.68
7,Group 1,2,BB,2015,-1.5,0.24
7,Group 1,2,BB,2016,-0.5,0.24
11,Group 1,2,BB,2018,1.5,0.72
9,Group 1,2,BB,2015,-1.5,0.35
9,Group 1,2,BB,2016,-0.5,0.35
13,Group 1,2,BB,2018,1.5,0.855
11,Group 1,2,BB,2015,-1.5,0.546
11,Group 1,2,BB,2016,-0.5,0.546
13,Group 1,2,BB,2018,1.5,0.8075
7,Group 1,2,BB,2015,-1.5,0.2
7,Group 1,2,BB,2016,-0.5,0.2
11,Group 1,2,BB,2018,1.5,0.68
7,Group 1,2,BB,2015,-1.5,0.123
7,Group 1,2,BB,2016,-0.5,0.123
11,Group 1,2,BB,2018,1.5,0.6375
11,Group 1,2,BB,2015,-1.5,0.546
11,Group 1,2,BB,2016,-0.5,0.546
13,Group 1,2,BB,2018,1.5,0.8075
10,Group 1,2,BB,2015,-1.5,0.405
10,Group 1,2,BB,2016,-0.5,0.405
11,Group 1,2,BB,2018,1.5,0.72
12,Group 1,2,BB,2015,-1.5,0.6825
12,Group 1,2,BB,2016,-0.5,0.6825
12,Group 1,2,BB,2018,1.5,0.76
7,Group 1,2,BB,2015,-1.5,0.2
7,Group 1,2,BB,2016,-0.5,0.2
11,Group 1,2,BB,2018,1.5,0.68
6,Group 1,2,BB,2015,-1.5,0.12
6,Group 1,2,BB,2016,-0.5,0.12
12,Group 1,2,BB,2018,1.5,0.765
4,Group 1,2,BB,2015,-1.5,0.04
4,Group 1,2,BB,2016,-0.5,0.04
10,Group 1,2,BB,2018,1.5,0.56
3,Group 1,2,BB,2015,-1.5,0.02
3,Group 1,2,BB,2016,-0.5,0.02
9,Group 1,2,BB,2018,1.5,0.4125
5,Group 1,2,BB,2015,-1.5,0.08
5,Group 1,2,BB,2016,-0.5,0.08
9,Group 1,2,BB,2018,1.5,0.36
6,Group 1,2,BB,2015,-1.5,0.1
6,Group 1,2,BB,2016,-0.5,0.1
11,Group 1,2,BB,2018,1.5,0.68
8,Group 1,2,BB,2015,-1.5,0.21
8,Group 1,2,BB,2016,-0.5,0.21
10,Group 1,2,BB,2018,1.5,0.6
7,Group 1,2,BB,2015,-1.5,0.18
7,Group 1,2,BB,2016,-0.5,0.18
11,Group 1,2,BB,2018,1.5,0.68
5,Group 1,2,BB,2015,-1.5,0.06
5,Group 1,2,BB,2016,-0.5,0.06
10,Group 1,2,BB,2018,1.5,0.6
9,Group 1,15,BB,2015,-1.5,0.42
9,Group 1,15,BB,2016,-0.5,0.42
10,Group 1,15,BB,2018,1.5,0.64
9,Group 1,15,BB,2015,-1.5,0.3075
9,Group 1,15,BB,2016,-0.5,0.3075
11,Group 1,15,BB,2018,1.5,0.6375
8,Group 1,15,BB,2015,-1.5,0.3
8,Group 1,15,BB,2016,-0.5,0.3
11,Group 1,15,BB,2018,1.5,0.68
8,Group 1,15,BB,2015,-1.5,0.21
8,Group 1,15,BB,2016,-0.5,0.21
10,Group 1,15,BB,2018,1.5,0.6
8,Group 1,15,BB,2015,-1.5,0.21
8,Group 1,15,BB,2016,-0.5,0.21
11,Group 1,15,BB,2018,1.5,0.6375
8,Group 1,15,BB,2015,-1.5,0.246
8,Group 1,15,BB,2016,-0.5,0.246
10,Group 1,15,BB,2018,1.5,0.64
9,Group 1,15,BB,2015,-1.5,0.45
9,Group 1,15,BB,2016,-0.5,0.45
11,Group 1,15,BB,2018,1.5,0.5525
10,Group 1,15,BB,2015,-1.5,0.486
10,Group 1,15,BB,2016,-0.5,0.486
11,Group 1,15,BB,2018,1.5,0.675
8,Group 1,15,BB,2015,-1.5,0.3
8,Group 1,15,BB,2016,-0.5,0.3
11,Group 1,15,BB,2018,1.5,0.68
10,Group 1,15,BB,2015,-1.5,0.486
10,Group 1,15,BB,2016,-0.5,0.486
12,Group 1,15,BB,2018,1.5,0.7225
9,Group 1,15,BB,2015,-1.5,0.3075
9,Group 1,15,BB,2016,-0.5,0.3075
11,Group 1,15,BB,2018,1.5,0.68
4,Group 1,15,BB,2015,-1.5,0.04
4,Group 1,15,BB,2016,-0.5,0.04
6,Group 1,15,BB,2015,-1.5,0.12
6,Group 1,15,BB,2016,-0.5,0.12
8,Group 1,15,BB,2018,1.5,0.21
7,Group 1,15,BB,2015,-1.5,0.2
7,Group 1,15,BB,2016,-0.5,0.2
10,Group 1,15,BB,2018,1.5,0.6
8,Group 1,15,BB,2015,-1.5,0.162
8,Group 1,15,BB,2016,-0.5,0.162
11,Group 1,15,BB,2018,1.5,0.6375
10,Group 1,15,BB,2015,-1.5,0.405
10,Group 1,15,BB,2016,-0.5,0.405
10,Group 1,15,BB,2018,1.5,0.6
10,Group 1,15,BB,2015,-1.5,0.405
10,Group 1,15,BB,2016,-0.5,0.405
10,Group 1,15,BB,2018,1.5,0.6
5,Group 1,15,BB,2015,-1.5,0.06
5,Group 1,15,BB,2016,-0.5,0.06
9,Group 1,15,BB,2015,-1.5,0.42
9,Group 1,15,BB,2016,-0.5,0.42
10,Group 1,15,BB,2018,1.5,0.64
4,Group 1,15,BB,2015,-1.5,0.03
4,Group 1,15,BB,2016,-0.5,0.03
9,Group 1,15,BB,2018,1.5,0.375
7,Group 1,15,BB,2015,-1.5,0.2
7,Group 1,15,BB,2016,-0.5,0.2
11,Group 1,15,BB,2018,1.5,0.6375
7,Group 1,15,BB,2015,-1.5,0.15
7,Group 1,15,BB,2016,-0.5,0.15
11,Group 1,15,BB,2018,1.5,0.6375
6,Group 1,15,BB,2015,-1.5,0.12
6,Group 1,15,BB,2016,-0.5,0.12
10,Group 1,15,BB,2018,1.5,0.6
6,Group 1,15,BB,2015,-1.5,0.12
6,Group 1,15,BB,2016,-0.5,0.12
10,Group 1,15,BB,2018,1.5,0.49
9,Group 1,15,BB,2015,-1.5,0.35
9,Group 1,15,BB,2016,-0.5,0.35
11,Group 1,15,BB,2018,1.5,0.6375
5,Group 1,15,BB,2015,-1.5,0.05
5,Group 1,15,BB,2016,-0.5,0.05
10,Group 1,15,BB,2018,1.5,0.525
6,Group 1,15,BB,2015,-1.5,0.12
6,Group 1,15,BB,2016,-0.5,0.12
10,Group 1,15,BB,2018,1.5,0.6
10,Group 1,15,BB,2015,-1.5,0.3321
10,Group 1,15,BB,2016,-0.5,0.3321
12,Group 1,15,BB,2018,1.5,0.7125
10,Group 1,15,BB,2015,-1.5,0.3321
10,Group 1,15,BB,2016,-0.5,0.3321
11,Group 1,15,BB,2018,1.5,0.675
6,Group 1,15,BB,2015,-1.5,0.16
6,Group 1,15,BB,2016,-0.5,0.16
10,Group 1,15,BB,2018,1.5,0.6
9,Group 3,7,BB,2015,-1.5,0.42
9,Group 3,7,BB,2016,-0.5,0.42
11,Group 3,7,BB,2018,1.5,0.68
9,Group 3,7,BB,2015,-1.5,0.42
9,Group 3,7,BB,2016,-0.5,0.42
11,Group 3,7,BB,2018,1.5,0.68
7,Group 3,7,BB,2015,-1.5,0.24
7,Group 3,7,BB,2016,-0.5,0.24
10,Group 3,7,BB,2018,1.5,0.6
7,Group 3,7,BB,2015,-1.5,0.24
6,Group 3,7,BB,2015,-1.5,0.12
6,Group 3,7,BB,2016,-0.5,0.12
10,Group 3,7,BB,2018,1.5,0.64
7,Group 3,7,BB,2015,-1.5,0.2
7,Group 3,7,BB,2016,-0.5,0.2
10,Group 3,7,BB,2018,1.5,0.525
7,Group 3,7,BB,2015,-1.5,0.24
7,Group 3,7,BB,2016,-0.5,0.24
10,Group 3,7,BB,2018,1.5,0.64
7,Group 3,7,BB,2015,-1.5,0.24
7,Group 3,7,BB,2016,-0.5,0.24
11,Group 3,7,BB,2018,1.5,0.68
8,Group 3,7,BB,2015,-1.5,0.36
8,Group 3,7,BB,2016,-0.5,0.36
11,Group 3,7,BB,2018,1.5,0.6375
9,Group 3,7,BB,2015,-1.5,0.45
9,Group 3,7,BB,2016,-0.5,0.45
11,Group 3,7,BB,2018,1.5,0.6375
8,Group 3,7,BB,2015,-1.5,0.36
8,Group 3,7,BB,2016,-0.5,0.36
10,Group 3,7,BB,2018,1.5,0.6
8,Group 3,7,BB,2015,-1.5,0.25
8,Group 3,7,BB,2016,-0.5,0.25
11,Group 3,7,BB,2018,1.5,0.68
10,Group 3,7,BB,2015,-1.5,0.5625
10,Group 3,7,BB,2016,-0.5,0.5625
13,Group 3,7,BB,2018,1.5,0.8075
12,Group 3,7,BB,2015,-1.5,0.6561
12,Group 3,7,BB,2016,-0.5,0.6561
11,Group 3,7,BB,2018,1.5,0.68
14,Group 3,7,BB,2015,-1.5,1
14,Group 3,7,BB,2016,-0.5,1
12,Group 3,7,BB,2018,1.5,0.76
8,Group 3,7,BB,2015,-1.5,0.28
8,Group 3,7,BB,2016,-0.5,0.28
10,Group 3,7,BB,2018,1.5,0.6
7,Group 3,7,BB,2015,-1.5,0.24
7,Group 3,7,BB,2016,-0.5,0.24
12,Group 3,7,BB,2018,1.5,0.7225
9,Group 3,7,BB,2015,-1.5,0.42
9,Group 3,7,BB,2016,-0.5,0.42
12,Group 3,7,BB,2018,1.5,0.7225
8,Group 3,7,BB,2015,-1.5,0.28
8,Group 3,7,BB,2016,-0.5,0.28
10,Group 3,7,BB,2018,1.5,0.5625
6,Group 3,7,BB,2015,-1.5,0.16
6,Group 3,7,BB,2016,-0.5,0.16
9,Group 3,7,BB,2018,1.5,0.35
8,Group 3,7,BB,2015,-1.5,0.36
8,Group 3,7,BB,2016,-0.5,0.36
12,Group 3,7,BB,2018,1.5,0.7225
13,Group 3,7,BB,2015,-1.5,0.7371
13,Group 3,7,BB,2016,-0.5,0.7371
13,Group 3,7,BB,2018,1.5,0.8075
12,Group 3,7,BB,2015,-1.5,0.637
12,Group 3,7,BB,2016,-0.5,0.637
12,Group 3,7,BB,2018,1.5,0.765
7,Group 3,7,BB,2015,-1.5,0.175
7,Group 3,7,BB,2016,-0.5,0.175
9,Group 3,7,BB,2018,1.5,0.4
8,Group 3,21,RRG,2015,-1.5,0.28
8,Group 3,21,RRG,2016,-0.5,0.28
11,Group 3,21,RRG,2018,1.5,0.6375
5,Group 3,21,RRG,2015,-1.5,0.06
5,Group 3,21,RRG,2016,-0.5,0.06
9,Group 3,21,RRG,2018,1.5,0.4125
5,Group 3,21,RRG,2015,-1.5,0.06
5,Group 3,21,RRG,2016,-0.5,0.06
9,Group 3,21,RRG,2018,1.5,0.35
9,Group 3,21,RRG,2015,-1.5,0.35
9,Group 3,21,RRG,2016,-0.5,0.35
11,Group 3,21,RRG,2018,1.5,0.6375
8,Group 3,21,RRG,2015,-1.5,0.28
8,Group 3,21,RRG,2016,-0.5,0.28
10,Group 3,21,RRG,2018,1.5,0.455
5,Group 3,21,RRG,2015,-1.5,0.06
5,Group 3,21,RRG,2016,-0.5,0.06
10,Group 3,21,RRG,2018,1.5,0.64
7,Group 3,21,RRG,2015,-1.5,0.14
7,Group 3,21,RRG,2016,-0.5,0.14
11,Group 3,21,RRG,2018,1.5,0.595
7,Group 3,21,RRG,2015,-1.5,0.14
7,Group 3,21,RRG,2016,-0.5,0.14
11,Group 3,21,RRG,2018,1.5,0.585
7,Group 3,21,RRG,2015,-1.5,0.14
7,Group 3,21,RRG,2016,-0.5,0.14
11,Group 3,21,RRG,2018,1.5,0.72
9,Group 3,21,RRG,2015,-1.5,0.35
9,Group 3,21,RRG,2016,-0.5,0.35
12,Group 3,21,RRG,2018,1.5,0.76
9,Group 3,21,RRG,2015,-1.5,0.35
9,Group 3,21,RRG,2016,-0.5,0.35
11,Group 3,21,RRG,2018,1.5,0.72
7,Group 3,21,RRG,2015,-1.5,0.18
7,Group 3,21,RRG,2016,-0.5,0.18
10,Group 3,21,RRG,2018,1.5,0.525
7,Group 3,21,RRG,2015,-1.5,0.15
7,Group 3,21,RRG,2016,-0.5,0.15
11,Group 3,21,RRG,2018,1.5,0.675
11,Group 3,21,RRG,2015,-1.5,0.6075
11,Group 3,21,RRG,2016,-0.5,0.6075
11,Group 3,21,RRG,2018,1.5,0.63
6,Group 3,21,RRG,2015,-1.5,0.1
6,Group 3,21,RRG,2016,-0.5,0.1
7,Group 3,21,RRG,2018,1.5,0.24
8,Group 3,21,RRG,2015,-1.5,0.225
8,Group 3,21,RRG,2016,-0.5,0.225
10,Group 3,21,RRG,2018,1.5,0.425
9,Group 3,21,RRG,2015,-1.5,0.182
9,Group 3,21,RRG,2016,-0.5,0.182
9,Group 3,21,RRG,2018,1.5,0.2125
7,Group 3,21,RRG,2015,-1.5,0.15
7,Group 3,21,RRG,2016,-0.5,0.15
8,Group 3,21,RRG,2018,1.5,0.2
10,Group 3,21,RRG,2015,-1.5,0.364
10,Group 3,21,RRG,2016,-0.5,0.364
9,Group 3,21,RRG,2018,1.5,0.2125
9,Group 3,21,RRG,2015,-1.5,0.243
9,Group 3,21,RRG,2016,-0.5,0.243
9,Group 3,21,RRG,2018,1.5,0.36
7,Group 3,21,RRG,2015,-1.5,0.14
7,Group 3,21,RRG,2016,-0.5,0.14
10,Group 3,21,RRG,2018,1.5,0.425
7,Group 3,21,RRG,2015,-1.5,0.15
7,Group 3,21,RRG,2016,-0.5,0.15
8,Group 3,21,RRG,2018,1.5,0.1625
9,Group 3,21,RRG,2015,-1.5,0.182
9,Group 3,21,RRG,2016,-0.5,0.182
6,Group 3,21,RRG,2018,1.5,0.0875
10,Group 3,21,RRG,2015,-1.5,0.486
10,Group 3,21,RRG,2016,-0.5,0.486
9,Group 3,21,RRG,2018,1.5,0.45
10,Group 3,21,RRG,2015,-1.5,0.486
10,Group 3,21,RRG,2016,-0.5,0.486
11,Group 3,21,RRG,2018,1.5,0.585
7,Group 3,21,RRG,2015,-1.5,0.24
7,Group 3,21,RRG,2016,-0.5,0.24
11,Group 3,21,RRG,2018,1.5,0.6375
9,Group 3,21,RRG,2015,-1.5,0.35
9,Group 3,21,RRG,2016,-0.5,0.35
11,Group 3,21,RRG,2018,1.5,0.72
9,Group 3,21,RRG,2015,-1.5,0.42
9,Group 3,21,RRG,2016,-0.5,0.42
11,Group 3,21,RRG,2018,1.5,0.68
9,Group 3,21,RRG,2015,-1.5,0.42
9,Group 3,21,RRG,2016,-0.5,0.42
10,Group 3,21,RRG,2018,1.5,0.6
8,Group 3,21,RRG,2015,-1.5,0.21
8,Group 3,21,RRG,2016,-0.5,0.21
11,Group 3,21,RRG,2018,1.5,0.675
7,Group 2,10,BB,2016,-0.5,0.24
11,Group 2,10,BB,2018,1.5,0.585
2,Group 2,10,BB,2015,-1.5,0.01
2,Group 2,10,BB,2016,-0.5,0.01
7,Group 2,10,BB,2015,-1.5,0.2
7,Group 2,10,BB,2016,-0.5,0.2
10,Group 2,10,BB,2018,1.5,0.52
9,Group 2,10,BB,2015,-1.5,0.42
9,Group 2,10,BB,2016,-0.5,0.42
10,Group 2,10,BB,2018,1.5,0.6
6,Group 2,10,BB,2015,-1.5,0.1
6,Group 2,10,BB,2016,-0.5,0.1
10,Group 2,10,BB,2018,1.5,0.5625
7,Group 2,10,BB,2015,-1.5,0.24
7,Group 2,10,BB,2016,-0.5,0.24
10,Group 2,10,BB,2018,1.5,0.6
9,Group 2,10,BB,2015,-1.5,0.45
9,Group 2,10,BB,2016,-0.5,0.45
10,Group 2,10,BB,2018,1.5,0.64
7,Group 2,10,BB,2015,-1.5,0.22
7,Group 2,10,BB,2016,-0.5,0.22
9,Group 1,22,BB,2015,-1.5,0.375
9,Group 1,22,BB,2016,-0.5,0.375
11,Group 1,22,BB,2018,1.5,0.68
9,Group 1,22,BB,2015,-1.5,0.375
9,Group 1,22,BB,2016,-0.5,0.375
11,Group 1,22,BB,2018,1.5,0.6375
7,Group 1,22,BB,2015,-1.5,0.2
7,Group 1,22,BB,2016,-0.5,0.2
11,Group 1,22,BB,2018,1.5,0.68
8,Group 1,22,BB,2015,-1.5,0.28
8,Group 1,22,BB,2016,-0.5,0.28
10,Group 1,22,BB,2018,1.5,0.6
12,Group 1,22,BB,2015,-1.5,0.6825
12,Group 1,22,BB,2016,-0.5,0.6825
12,Group 1,22,BB,2018,1.5,0.76
12,Group 1,22,BB,2015,-1.5,0.6825
12,Group 1,22,BB,2016,-0.5,0.6825
12,Group 1,22,BB,2018,1.5,0.76
8,Group 1,22,BB,2015,-1.5,0.36
8,Group 1,22,BB,2016,-0.5,0.36
10,Group 1,22,BB,2018,1.5,0.64
7,Group 1,22,BB,2015,-1.5,0.24
10,Group 1,5,BB,2015,-1.5,0.486
8,Group 1,5,BB,2015,-1.5,0.225
8,Group 1,5,BB,2016,-0.5,0.225
11,Group 1,5,BB,2018,1.5,0.72
9,Group 1,5,BB,2015,-1.5,0.243
9,Group 1,5,BB,2016,-0.5,0.243
12,Group 1,5,BB,2018,1.5,0.765
9,Group 1,5,BB,2015,-1.5,0.45
9,Group 1,5,BB,2016,-0.5,0.45
12,Group 1,5,BB,2018,1.5,0.7225
10,Group 1,5,BB,2015,-1.5,0.486
10,Group 1,5,BB,2016,-0.5,0.486
11,Group 1,5,BB,2018,1.5,0.72
9,Group 1,5,BB,2015,-1.5,0.42
9,Group 1,5,BB,2016,-0.5,0.42
11,Group 1,5,BB,2018,1.5,0.68
9,Group 1,5,BB,2015,-1.5,0.42
9,Group 1,5,BB,2016,-0.5,0.42
12,Group 1,5,BB,2018,1.5,0.7225
7,Group 1,5,BB,2015,-1.5,0.18
7,Group 1,5,BB,2016,-0.5,0.18
10,Group 1,5,BB,2018,1.5,0.5625
10,Group 1,5,BB,2015,-1.5,0.405
10,Group 1,5,BB,2016,-0.5,0.405
10,Group 1,5,BB,2018,1.5,0.525
8,Group 1,5,BB,2015,-1.5,0.21
8,Group 1,5,BB,2016,-0.5,0.21
11,Group 1,5,BB,2018,1.5,0.6375
8,Group 1,5,BB,2015,-1.5,0.25
8,Group 1,5,BB,2016,-0.5,0.25
9,Group 1,5,BB,2018,1.5,0.4125
7,Group 1,5,BB,2015,-1.5,0.18
7,Group 1,5,BB,2016,-0.5,0.18
10,Group 2,10,BB,2018,1.5,0.64
8,Group 2,10,BB,2015,-1.5,0.28
8,Group 2,10,BB,2016,-0.5,0.28
10,Group 2,10,BB,2018,1.5,0.6
6,Group 2,10,BB,2015,-1.5,0.12
6,Group 2,10,BB,2016,-0.5,0.12
10,Group 2,10,BB,2018,1.5,0.56
7,Group 2,10,BB,2015,-1.5,0.24
7,Group 2,10,BB,2016,-0.5,0.24
11,Group 2,10,BB,2018,1.5,0.6375
7,Group 2,10,BB,2015,-1.5,0.24
7,Group 2,10,BB,2016,-0.5,0.24
9,Group 2,10,BB,2018,1.5,0.48
6,Group 2,10,BB,2015,-1.5,0.16
6,Group 2,10,BB,2016,-0.5,0.16
11,Group 2,10,BB,2018,1.5,0.6375
4,Group 2,10,BB,2015,-1.5,0.04
4,Group 2,10,BB,2016,-0.5,0.04
8,Group 2,10,BB,2018,1.5,0.3
8,Group 2,10,BB,2015,-1.5,0.3
8,Group 2,10,BB,2016,-0.5,0.3
11,Group 2,10,BB,2018,1.5,0.6375
5,Group 2,10,BB,2015,-1.5,0.08
5,Group 2,10,BB,2016,-0.5,0.08
10,Group 2,10,BB,2018,1.5,0.525
6,Group 2,10,BB,2015,-1.5,0.16
6,Group 2,10,BB,2016,-0.5,0.16
10,Group 2,10,BB,2018,1.5,0.64
7,Group 2,10,BB,2015,-1.5,0.24
7,Group 2,10,BB,2016,-0.5,0.24
11,Group 2,10,BB,2018,1.5,0.6375
6,Group 2,10,BB,2015,-1.5,0.1
6,Group 2,10,BB,2016,-0.5,0.1
10,Group 2,10,BB,2018,1.5,0.6
8,Group 2,10,BB,2015,-1.5,0.33
8,Group 2,10,BB,2016,-0.5,0.33
10,Group 2,10,BB,2018,1.5,0.6
8,Group 2,10,BB,2015,-1.5,0.33
8,Group 2,10,BB,2016,-0.5,0.33
11,Group 2,10,BB,2018,1.5,0.68
7,Group 2,10,BB,2015,-1.5,0.22
7,Group 2,10,BB,2016,-0.5,0.22
11,Group 2,10,BB,2018,1.5,0.6375
8,Group 2,10,BB,2015,-1.5,0.25
8,Group 2,10,BB,2016,-0.5,0.25
10,Group 2,10,BB,2018,1.5,0.6
6,Group 2,10,BB,2015,-1.5,0.16
6,Group 2,10,BB,2016,-0.5,0.16
10,Group 2,10,BB,2018,1.5,0.6
7,Group 5,20,RRG,2015,-1.5,0.14
7,Group 5,20,RRG,2016,-0.5,0.14
10,Group 5,20,RRG,2018,1.5,0.6
7,Group 5,20,RRG,2015,-1.5,0.14
7,Group 5,20,RRG,2016,-0.5,0.14
11,Group 5,20,RRG,2018,1.5,0.6375
9,Group 5,20,RRG,2015,-1.5,0.375
9,Group 5,20,RRG,2016,-0.5,0.375
11,Group 5,20,RRG,2018,1.5,0.6375
8,Group 5,20,RRG,2015,-1.5,0.21
8,Group 5,20,RRG,2016,-0.5,0.21
11,Group 5,20,RRG,2018,1.5,0.68
7,Group 5,20,RRG,2015,-1.5,0.14
7,Group 5,20,RRG,2016,-0.5,0.14
11,Group 5,20,RRG,2018,1.5,0.68
10,Group 5,20,RRG,2015,-1.5,0.486
10,Group 5,20,RRG,2016,-0.5,0.486
12,Group 5,20,RRG,2018,1.5,0.7225
9,Group 5,20,RRG,2015,-1.5,0.324
9,Group 5,20,RRG,2016,-0.5,0.324
11,Group 5,20,RRG,2018,1.5,0.72
7,Group 5,20,RRG,2015,-1.5,0.2
7,Group 5,20,RRG,2016,-0.5,0.2
10,Group 5,20,RRG,2018,1.5,0.64
8,Group 5,20,RRG,2015,-1.5,0.28
8,Group 5,20,RRG,2016,-0.5,0.28
11,Group 5,20,RRG,2018,1.5,0.6375
7,Group 5,20,RRG,2015,-1.5,0.14
7,Group 5,20,RRG,2016,-0.5,0.14
11,Group 5,20,RRG,2018,1.5,0.6375
3,Group 5,20,RRG,2015,-1.5,0.02
3,Group 5,20,RRG,2016,-0.5,0.02
9,Group 5,20,RRG,2018,1.5,0.375
11,Group 5,20,RRG,2018,1.5,0.72
7,Group 5,20,RRG,2015,-1.5,0.14
7,Group 5,20,RRG,2016,-0.5,0.14
8,Group 5,20,RRG,2015,-1.5,0.162
8,Group 5,20,RRG,2016,-0.5,0.162
11,Group 5,20,RRG,2018,1.5,0.72
6,Group 5,20,RRG,2015,-1.5,0.12
6,Group 5,20,RRG,2016,-0.5,0.12
10,Group 5,20,RRG,2018,1.5,0.5625
6,Group 5,20,RRG,2015,-1.5,0.11
6,Group 5,20,RRG,2016,-0.5,0.11
11,Group 5,20,RRG,2018,1.5,0.72
6,Group 5,20,RRG,2015,-1.5,0.1
6,Group 5,20,RRG,2016,-0.5,0.1
10,Group 5,20,RRG,2018,1.5,0.6
7,Group 5,20,RRG,2015,-1.5,0.14
7,Group 5,20,RRG,2016,-0.5,0.14
11,Group 5,20,RRG,2018,1.5,0.6375
9,Group 5,20,RRG,2015,-1.5,0.375
9,Group 5,20,RRG,2016,-0.5,0.375
11,Group 5,20,RRG,2018,1.5,0.72
7,Group 5,20,RRG,2015,-1.5,0.164
7,Group 5,20,RRG,2016,-0.5,0.164
9,Group 5,20,RRG,2018,1.5,0.45
5,Group 5,20,RRG,2015,-1.5,0.08
5,Group 5,20,RRG,2016,-0.5,0.08
9,Group 5,20,RRG,2018,1.5,0.48
2,Group 5,20,RRG,2015,-1.5,0.01
2,Group 5,20,RRG,2016,-0.5,0.01
11,Group 5,20,RRG,2018,1.5,0.6375
6,Group 5,20,RRG,2015,-1.5,0.16
6,Group 5,20,RRG,2016,-0.5,0.16
8,Group 5,20,RRG,2018,1.5,0.1875
8,Group 5,20,RRG,2015,-1.5,0.3
8,Group 5,20,RRG,2016,-0.5,0.3
11,Group 5,20,RRG,2018,1.5,0.68
12,Group 5,20,RRG,2015,-1.5,0.6561
12,Group 5,20,RRG,2016,-0.5,0.6561
13,Group 5,20,RRG,2018,1.5,0.8075
11,Group 5,20,RRG,2015,-1.5,0.567
11,Group 5,20,RRG,2016,-0.5,0.567
13,Group 5,20,RRG,2018,1.5,0.8075
7,Group 5,20,RRG,2015,-1.5,0.14
7,Group 5,20,RRG,2016,-0.5,0.14
11,Group 5,20,RRG,2018,1.5,0.595
6,Group 5,20,RRG,2015,-1.5,0.12
6,Group 5,20,RRG,2016,-0.5,0.12
11,Group 5,20,RRG,2018,1.5,0.72
7,Group 5,20,RRG,2015,-1.5,0.14
7,Group 5,20,RRG,2016,-0.5,0.14
12,Group 5,20,RRG,2018,1.5,0.76
9,Group 5,20,RRG,2015,-1.5,0.243
9,Group 5,20,RRG,2016,-0.5,0.243
12,Group 5,20,RRG,2018,1.5,0.81
7,Group 5,20,RRG,2015,-1.5,0.2
7,Group 5,20,RRG,2016,-0.5,0.2
11,Group 5,20,RRG,2018,1.5,0.72
9,Group 3,12,RRG,2015,-1.5,0.45
9,Group 3,12,RRG,2016,-0.5,0.45
11,Group 3,12,RRG,2018,1.5,0.6375
10,Group 3,12,RRG,2015,-1.5,0.49
10,Group 3,12,RRG,2016,-0.5,0.49
10,Group 3,12,RRG,2018,1.5,0.6
12,Group 3,12,RRG,2015,-1.5,0.6561
12,Group 3,12,RRG,2016,-0.5,0.6561
11,Group 3,12,RRG,2018,1.5,0.72
6,Group 3,12,RRG,2015,-1.5,0.12
6,Group 3,12,RRG,2016,-0.5,0.12
11,Group 3,12,RRG,2018,1.5,0.595
8,Group 3,12,RRG,2015,-1.5,0.21
8,Group 3,12,RRG,2016,-0.5,0.21
11,Group 3,12,RRG,2018,1.5,0.68
11,Group 3,12,RRG,2015,-1.5,0.6075
11,Group 3,12,RRG,2016,-0.5,0.6075
11,Group 3,12,RRG,2018,1.5,0.68
13,Group 3,12,RRG,2015,-1.5,0.7371
13,Group 3,12,RRG,2016,-0.5,0.7371
11,Group 3,12,RRG,2018,1.5,0.68
10,Group 3,12,RRG,2015,-1.5,0.486
10,Group 3,12,RRG,2016,-0.5,0.486
10,Group 3,12,RRG,2018,1.5,0.6
11,Group 3,12,RRG,2015,-1.5,0.567
11,Group 3,12,RRG,2016,-0.5,0.567
11,Group 3,12,RRG,2018,1.5,0.68
7,Group 3,12,RRG,2015,-1.5,0.2
7,Group 3,12,RRG,2016,-0.5,0.2
10,Group 3,12,RRG,2018,1.5,0.49
10,Group 3,12,RRG,2015,-1.5,0.405
10,Group 3,12,RRG,2016,-0.5,0.405
13,Group 3,12,RRG,2018,1.5,0.8075
10,Group 3,12,RRG,2015,-1.5,0.405
10,Group 3,12,RRG,2016,-0.5,0.405
11,Group 3,12,RRG,2018,1.5,0.63
9,Group 3,12,RRG,2015,-1.5,0.45
9,Group 3,12,RRG,2016,-0.5,0.45
11,Group 3,12,RRG,2018,1.5,0.72
9,Group 3,12,RRG,2015,-1.5,0.182
9,Group 3,12,RRG,2016,-0.5,0.182
12,Group 3,12,RRG,2018,1.5,0.7125
8,Group 3,12,RRG,2015,-1.5,0.28
8,Group 3,12,RRG,2016,-0.5,0.28
11,Group 3,12,RRG,2018,1.5,0.595
6,Group 3,12,RRG,2015,-1.5,0.16
6,Group 3,12,RRG,2016,-0.5,0.16
10,Group 3,12,RRG,2018,1.5,0.49
11,Group 3,12,RRG,2015,-1.5,0.6075
11,Group 3,12,RRG,2016,-0.5,0.6075
12,Group 3,12,RRG,2018,1.5,0.765
10,Group 3,12,RRG,2015,-1.5,0.525
10,Group 3,12,RRG,2016,-0.5,0.525
12,Group 3,12,RRG,2018,1.5,0.765
9,Group 3,12,RRG,2015,-1.5,0.42
9,Group 3,12,RRG,2016,-0.5,0.42
10,Group 3,12,RRG,2018,1.5,0.525
11,Group 3,12,RRG,2015,-1.5,0.567
11,Group 3,12,RRG,2016,-0.5,0.567
10,Group 3,12,RRG,2018,1.5,0.56
11,Group 3,12,RRG,2015,-1.5,0.567
11,Group 3,12,RRG,2016,-0.5,0.567
11,Group 3,12,RRG,2018,1.5,0.72
9,Group 3,12,RRG,2015,-1.5,0.35
9,Group 3,12,RRG,2016,-0.5,0.35
11,Group 3,12,RRG,2018,1.5,0.595
8,Group 3,12,RRG,2015,-1.5,0.36
8,Group 3,12,RRG,2016,-0.5,0.36
10,Group 3,12,RRG,2018,1.5,0.6
11,Group 3,12,RRG,2015,-1.5,0.6075
11,Group 3,12,RRG,2016,-0.5,0.6075
10,Group 3,12,RRG,2018,1.5,0.64
8,Group 3,12,RRG,2015,-1.5,0.3
8,Group 3,12,RRG,2016,-0.5,0.3
10,Group 3,12,RRG,2018,1.5,0.5625
11,Group 3,12,RRG,2015,-1.5,0.6
11,Group 3,12,RRG,2016,-0.5,0.6
12,Group 3,12,RRG,2018,1.5,0.7125
11,Group 3,12,RRG,2015,-1.5,0.6
11,Group 3,12,RRG,2016,-0.5,0.6
12,Group 3,12,RRG,2018,1.5,0.7125
11,Group 3,12,RRG,2015,-1.5,0.6
11,Group 3,12,RRG,2016,-0.5,0.6
12,Group 3,12,RRG,2018,1.5,0.7125
11,Group 3,12,RRG,2015,-1.5,0.6
11,Group 3,12,RRG,2016,-0.5,0.6
12,Group 3,12,RRG,2018,1.5,0.665
11,Group 3,12,RRG,2015,-1.5,0.6
11,Group 3,12,RRG,2016,-0.5,0.6
12,Group 3,12,RRG,2018,1.5,0.7125
4,Group 1,11,BB,2015,-1.5,0.04
4,Group 1,11,BB,2016,-0.5,0.04
8,Group 1,11,BB,2018,1.5,0.28
6,Group 1,11,BB,2015,-1.5,0.1
6,Group 1,11,BB,2016,-0.5,0.1
11,Group 1,11,BB,2018,1.5,0.6375
6,Group 1,11,BB,2015,-1.5,0.16
6,Group 1,11,BB,2016,-0.5,0.16
11,Group 1,11,BB,2018,1.5,0.675
6,Group 1,11,BB,2015,-1.5,0.16
6,Group 1,11,BB,2016,-0.5,0.16
8,Group 1,11,BB,2018,1.5,0.3
4,Group 1,11,BB,2015,-1.5,0.03
4,Group 1,11,BB,2016,-0.5,0.03
10,Group 1,11,BB,2018,1.5,0.64
5,Group 1,11,BB,2015,-1.5,0.08
5,Group 1,11,BB,2016,-0.5,0.08
10,Group 1,11,BB,2018,1.5,0.525
3,Group 1,11,BB,2015,-1.5,0.02
3,Group 1,11,BB,2016,-0.5,0.02
10,Group 1,11,BB,2018,1.5,0.4875
7,Group 1,11,BB,2015,-1.5,0.18
7,Group 1,11,BB,2016,-0.5,0.18
11,Group 1,11,BB,2018,1.5,0.68
5,Group 1,11,BB,2015,-1.5,0.06
5,Group 1,11,BB,2016,-0.5,0.06
11,Group 1,11,BB,2018,1.5,0.68
12,Group 1,11,BB,2018,1.5,0.76
10,Group 1,11,BB,2015,-1.5,0.486
10,Group 1,11,BB,2016,-0.5,0.486
4,Group 1,11,BB,2015,-1.5,0.03
4,Group 1,11,BB,2016,-0.5,0.03
9,Group 1,11,BB,2018,1.5,0.375
3,Group 1,11,BB,2015,-1.5,0.02
3,Group 1,11,BB,2016,-0.5,0.02
8,Group 1,11,BB,2018,1.5,0.2625
4,Group 1,11,BB,2015,-1.5,0.04
4,Group 1,11,BB,2016,-0.5,0.04
11,Group 1,11,BB,2018,1.5,0.68
3,Group 1,11,BB,2015,-1.5,0.02
3,Group 1,11,BB,2016,-0.5,0.02
10,Group 1,11,BB,2018,1.5,0.6
4,Group 1,11,BB,2015,-1.5,0.04
4,Group 1,11,BB,2016,-0.5,0.04
11,Group 1,11,BB,2018,1.5,0.595
4,Group 1,11,BB,2015,-1.5,0.04
4,Group 1,11,BB,2016,-0.5,0.04
11,Group 1,11,BB,2018,1.5,0.595
3,Group 1,11,BB,2015,-1.5,0.015
3,Group 1,11,BB,2016,-0.5,0.015
10,Group 1,11,BB,2018,1.5,0.4875
11,Group 1,11,BB,2015,-1.5,0.546
11,Group 1,11,BB,2016,-0.5,0.546
8,Group 1,11,BB,2018,1.5,0.32
7,Group 1,11,BB,2015,-1.5,0.2
7,Group 1,11,BB,2016,-0.5,0.2
12,Group 1,11,BB,2018,1.5,0.76
8,Group 1,11,BB,2015,-1.5,0.21
8,Group 1,11,BB,2016,-0.5,0.21
10,Group 1,11,BB,2018,1.5,0.5625
6,Group 1,11,BB,2016,-0.5,0.1
11,Group 1,11,BB,2018,1.5,0.68
6,Group 1,11,BB,2015,-1.5,0.1
5,Group 1,11,BB,2015,-1.5,0.08
5,Group 1,11,BB,2016,-0.5,0.08
11,Group 1,11,BB,2018,1.5,0.68
5,Group 1,11,BB,2015,-1.5,0.05
5,Group 1,11,BB,2016,-0.5,0.05
10,Group 1,11,BB,2018,1.5,0.6
5,Group 1,11,BB,2015,-1.5,0.08
5,Group 1,11,BB,2016,-0.5,0.08
10,Group 1,11,BB,2018,1.5,0.5625
7,Group 1,11,BB,2015,-1.5,0.14
7,Group 1,11,BB,2016,-0.5,0.14
10,Group 1,11,BB,2018,1.5,0.6
2,Group 1,11,BB,2015,-1.5,0.01
2,Group 1,11,BB,2016,-0.5,0.01
8,Group 1,11,BB,2018,1.5,0.1875
6,Group 1,11,BB,2015,-1.5,0.12
6,Group 1,11,BB,2016,-0.5,0.12
10,Group 1,11,BB,2018,1.5,0.6
2,Group 1,11,BB,2015,-1.5,0.003
2,Group 1,11,BB,2016,-0.5,0.003
6,Group 1,11,BB,2015,-1.5,0.1
6,Group 1,11,BB,2016,-0.5,0.1
10,Group 1,11,BB,2018,1.5,0.5625
5,Group 1,11,BB,2015,-1.5,0.05
5,Group 1,11,BB,2016,-0.5,0.05
10,Group 1,11,BB,2018,1.5,0.64
9,Group 3,8,BB,2016,-0.5,0.35
11,Group 3,8,BB,2018,1.5,0.6375
9,Group 3,8,BB,2015,-1.5,0.35
9,Group 3,8,BB,2015,-1.5,0.42
9,Group 3,8,BB,2016,-0.5,0.42
11,Group 3,8,BB,2018,1.5,0.6375
8,Group 3,8,BB,2015,-1.5,0.36
8,Group 3,8,BB,2016,-0.5,0.36
11,Group 3,8,BB,2018,1.5,0.595
10,Group 3,8,BB,2015,-1.5,0.525
10,Group 3,8,BB,2016,-0.5,0.525
10,Group 3,8,BB,2018,1.5,0.64
8,Group 3,8,BB,2015,-1.5,0.28
8,Group 3,8,BB,2016,-0.5,0.28
10,Group 3,8,BB,2018,1.5,0.56
6,Group 3,8,BB,2015,-1.5,0.16
6,Group 3,8,BB,2016,-0.5,0.16
9,Group 3,8,BB,2018,1.5,0.325
9,Group 3,8,BB,2015,-1.5,0.35
9,Group 3,8,BB,2016,-0.5,0.35
11,Group 3,8,BB,2018,1.5,0.5525
6,Group 3,8,BB,2015,-1.5,0.14
6,Group 3,8,BB,2016,-0.5,0.14
10,Group 3,8,BB,2018,1.5,0.455
10,Group 3,8,BB,2015,-1.5,0.525
10,Group 3,8,BB,2016,-0.5,0.525
11,Group 3,8,BB,2018,1.5,0.6375
8,Group 3,8,BB,2015,-1.5,0.36
8,Group 3,8,BB,2016,-0.5,0.36
10,Group 3,8,BB,2018,1.5,0.56
10,Group 3,8,BB,2015,-1.5,0.486
10,Group 3,8,BB,2016,-0.5,0.486
11,Group 3,8,BB,2018,1.5,0.6375
5,Group 3,8,BB,2015,-1.5,0.06
5,Group 3,8,BB,2016,-0.5,0.06
9,Group 3,8,BB,2018,1.5,0.325
8,Group 3,8,BB,2015,-1.5,0.3
8,Group 3,8,BB,2016,-0.5,0.3
11,Group 3,8,BB,2018,1.5,0.6375
11,Group 3,8,BB,2015,-1.5,0.6075
11,Group 3,8,BB,2016,-0.5,0.6075
11,Group 3,8,BB,2018,1.5,0.6375
8,Group 3,8,BB,2015,-1.5,0.246
8,Group 3,8,BB,2016,-0.5,0.246
10,Group 3,8,BB,2018,1.5,0.56
7,Group 3,8,BB,2015,-1.5,0.164
7,Group 3,8,BB,2016,-0.5,0.164
10,Group 3,8,BB,2018,1.5,0.525
9,Group 3,8,BB,2015,-1.5,0.385
9,Group 3,8,BB,2016,-0.5,0.385
10,Group 3,8,BB,2018,1.5,0.56
8,Group 3,8,BB,2015,-1.5,0.25
8,Group 3,8,BB,2016,-0.5,0.25
10,Group 3,8,BB,2018,1.5,0.49
7,Group 3,8,BB,2015,-1.5,0.24
7,Group 3,8,BB,2016,-0.5,0.24
10,Group 3,8,BB,2018,1.5,0.525
8,Group 3,8,BB,2015,-1.5,0.1681
8,Group 3,8,BB,2016,-0.5,0.1681
10,Group 3,8,BB,2018,1.5,0.5625
11,Group 3,8,BB,2015,-1.5,0.567
11,Group 3,8,BB,2016,-0.5,0.567
11,Group 3,8,BB,2018,1.5,0.72
11,Group 3,8,BB,2015,-1.5,0.6075
11,Group 3,8,BB,2016,-0.5,0.6075
11,Group 3,8,BB,2018,1.5,0.675
11,Group 3,8,BB,2015,-1.5,0.567
11,Group 3,8,BB,2016,-0.5,0.567
11,Group 3,8,BB,2018,1.5,0.595
4,Group 3,8,BB,2015,-1.5,0.04
4,Group 3,8,BB,2016,-0.5,0.04
7,Group 3,8,BB,2018,1.5,0.24
8,Group 3,8,BB,2015,-1.5,0.25
8,Group 3,8,BB,2016,-0.5,0.25
11,Group 3,8,BB,2018,1.5,0.595
11,Group 3,8,BB,2015,-1.5,0.6075
11,Group 3,8,BB,2016,-0.5,0.6075
11,Group 3,8,BB,2018,1.5,0.68
8,Group 3,8,BB,2015,-1.5,0.36
8,Group 3,8,BB,2016,-0.5,0.36
10,Group 3,8,BB,2018,1.5,0.525
11,Group 3,8,BB,2015,-1.5,0.567
11,Group 3,8,BB,2016,-0.5,0.567
11,Group 3,8,BB,2018,1.5,0.63
8,Group 3,8,BB,2015,-1.5,0.36
8,Group 3,8,BB,2016,-0.5,0.36
10,Group 3,8,BB,2018,1.5,0.455
6,Group 1,22,BB,2015,-1.5,0.1
6,Group 1,22,BB,2016,-0.5,0.1
10,Group 1,22,BB,2018,1.5,0.5625
10,Group 1,22,BB,2018,1.5,0.64
5,Group 1,22,BB,2015,-1.5,0.08
5,Group 1,22,BB,2016,-0.5,0.08
7,Group 1,22,BB,2016,-0.5,0.24
10,Group 1,22,BB,2018,1.5,0.525
9,Group 1,22,BB,2015,-1.5,0.42
9,Group 1,22,BB,2016,-0.5,0.42
9,Group 1,22,BB,2018,1.5,0.375
10,Group 1,22,BB,2015,-1.5,0.525
10,Group 1,22,BB,2016,-0.5,0.525
11,Group 1,22,BB,2018,1.5,0.6375
10,Group 1,22,BB,2015,-1.5,0.486
10,Group 1,22,BB,2016,-0.5,0.486
12,Group 1,22,BB,2018,1.5,0.7225
9,Group 1,22,BB,2015,-1.5,0.45
9,Group 1,22,BB,2016,-0.5,0.45
12,Group 1,22,BB,2018,1.5,0.765
8,Group 1,22,BB,2015,-1.5,0.36
8,Group 1,22,BB,2016,-0.5,0.36
10,Group 1,22,BB,2018,1.5,0.6
10,Group 1,22,BB,2015,-1.5,0.486
10,Group 1,22,BB,2016,-0.5,0.486
10,Group 1,22,BB,2018,1.5,0.6
9,Group 1,22,BB,2015,-1.5,0.42
9,Group 1,22,BB,2016,-0.5,0.42
10,Group 1,22,BB,2018,1.5,0.64
11,Group 1,22,BB,2015,-1.5,0.5525
11,Group 1,22,BB,2016,-0.5,0.5525
11,Group 1,22,BB,2018,1.5,0.68
9,Group 1,22,BB,2015,-1.5,0.42
9,Group 1,22,BB,2016,-0.5,0.42
11,Group 1,22,BB,2018,1.5,0.68
9,Group 1,22,BB,2015,-1.5,0.45
9,Group 1,22,BB,2016,-0.5,0.45
10,Group 1,22,BB,2018,1.5,0.6
9,Group 1,22,BB,2015,-1.5,0.45
9,Group 1,22,BB,2016,-0.5,0.45
11,Group 1,22,BB,2018,1.5,0.675
7,Group 1,22,BB,2015,-1.5,0.24
7,Group 1,22,BB,2016,-0.5,0.24
10,Group 1,22,BB,2018,1.5,0.5625
10,Group 1,22,BB,2015,-1.5,0.525
10,Group 1,22,BB,2016,-0.5,0.525
11,Group 1,22,BB,2018,1.5,0.68
9,Group 1,22,BB,2015,-1.5,0.42
9,Group 1,22,BB,2016,-0.5,0.42
10,Group 1,22,BB,2018,1.5,0.64
10,Group 1,22,BB,2015,-1.5,0.49
10,Group 1,22,BB,2016,-0.5,0.49
11,Group 1,22,BB,2018,1.5,0.6375
9,Group 1,22,BB,2015,-1.5,0.45
9,Group 1,22,BB,2016,-0.5,0.45
10,Group 1,22,BB,2018,1.5,0.64
7,Group 1,22,BB,2015,-1.5,0.2
7,Group 1,22,BB,2016,-0.5,0.2
10,Group 1,22,BB,2018,1.5,0.64
7,Group 1,22,BB,2015,-1.5,0.2
7,Group 1,22,BB,2016,-0.5,0.2
11,Group 1,22,BB,2018,1.5,0.675
6,Group 1,22,BB,2015,-1.5,0.1
6,Group 1,22,BB,2016,-0.5,0.1
10,Group 1,22,BB,2018,1.5,0.6
6,Group 1,22,BB,2015,-1.5,0.1
6,Group 1,22,BB,2016,-0.5,0.1
11,Group 1,22,BB,2018,1.5,0.6375
10,Group 1,4,BB,2015,-1.5,0.49
10,Group 1,4,BB,2016,-0.5,0.49
11,Group 1,4,BB,2018,1.5,0.68
12,Group 1,4,BB,2015,-1.5,0.6561
12,Group 1,4,BB,2016,-0.5,0.6561
13,Group 1,4,BB,2018,1.5,0.855
11,Group 1,4,BB,2015,-1.5,0.567
11,Group 1,4,BB,2016,-0.5,0.567
12,Group 1,4,BB,2018,1.5,0.81
13,Group 1,4,BB,2015,-1.5,0.7371
13,Group 1,4,BB,2016,-0.5,0.7371
13,Group 1,4,BB,2018,1.5,0.8075
11,Group 1,4,BB,2015,-1.5,0.567
11,Group 1,4,BB,2016,-0.5,0.567
11,Group 1,4,BB,2018,1.5,0.595
11,Group 1,4,BB,2018,1.5,0.68
8,Group 1,4,BB,2015,-1.5,0.225
8,Group 1,4,BB,2016,-0.5,0.225
11,Group 1,4,BB,2015,-1.5,0.6075
11,Group 1,4,BB,2016,-0.5,0.6075
12,Group 1,4,BB,2018,1.5,0.765
10,Group 1,4,BB,2015,-1.5,0.5625
10,Group 1,4,BB,2016,-0.5,0.5625
11,Group 1,4,BB,2018,1.5,0.68
9,Group 1,4,BB,2015,-1.5,0.42
9,Group 1,4,BB,2016,-0.5,0.42
11,Group 1,4,BB,2018,1.5,0.72
12,Group 1,4,BB,2015,-1.5,0.6825
12,Group 1,4,BB,2016,-0.5,0.6825
12,Group 1,4,BB,2018,1.5,0.76
8,Group 1,4,BB,2015,-1.5,0.21
8,Group 1,4,BB,2016,-0.5,0.21
12,Group 1,4,BB,2018,1.5,0.7225
11,Group 1,4,BB,2015,-1.5,0.595
11,Group 1,4,BB,2016,-0.5,0.595
13,Group 1,4,BB,2018,1.5,0.855
11,Group 1,4,BB,2015,-1.5,0.567
11,Group 1,4,BB,2016,-0.5,0.567
12,Group 1,4,BB,2018,1.5,0.7225
12,Group 1,4,BB,2015,-1.5,0.637
12,Group 1,4,BB,2016,-0.5,0.637
12,Group 1,4,BB,2018,1.5,0.76
10,Group 1,4,BB,2015,-1.5,0.5625
10,Group 1,4,BB,2016,-0.5,0.5625
13,Group 1,4,BB,2018,1.5,0.8075
8,Group 1,5,BB,2015,-1.5,0.21
8,Group 1,5,BB,2016,-0.5,0.21
11,Group 1,5,BB,2018,1.5,0.68
10,Group 1,5,BB,2015,-1.5,0.486
10,Group 1,5,BB,2016,-0.5,0.486
13,Group 1,5,BB,2018,1.5,0.855
10,Group 1,5,BB,2015,-1.5,0.525
10,Group 1,5,BB,2016,-0.5,0.525
12,Group 1,5,BB,2018,1.5,0.81
11,Group 1,5,BB,2015,-1.5,0.546
11,Group 1,5,BB,2016,-0.5,0.546
13,Group 1,5,BB,2018,1.5,0.8075
11,Group 1,5,BB,2015,-1.5,0.567
11,Group 1,5,BB,2016,-0.5,0.567
12,Group 1,5,BB,2018,1.5,0.765
7,Group 1,5,BB,2015,-1.5,0.15
7,Group 1,5,BB,2016,-0.5,0.15
10,Group 1,5,BB,2018,1.5,0.64
8,Group 1,5,BB,2015,-1.5,0.36
8,Group 1,5,BB,2016,-0.5,0.36
11,Group 1,5,BB,2018,1.5,0.68
9,Group 1,5,BB,2015,-1.5,0.42
9,Group 1,5,BB,2016,-0.5,0.42
11,Group 1,5,BB,2018,1.5,0.68
8,Group 1,5,BB,2015,-1.5,0.195
8,Group 1,5,BB,2016,-0.5,0.195
11,Group 1,5,BB,2018,1.5,0.6375
10,Group 1,5,BB,2015,-1.5,0.405
10,Group 1,5,BB,2016,-0.5,0.405
12,Group 1,5,BB,2018,1.5,0.765
9,Group 1,5,BB,2015,-1.5,0.243
9,Group 1,5,BB,2016,-0.5,0.243
12,Group 1,5,BB,2018,1.5,0.7225
6,Group 1,5,BB,2015,-1.5,0.12
6,Group 1,5,BB,2016,-0.5,0.12
10,Group 1,5,BB,2018,1.5,0.64
7,Group 1,5,BB,2015,-1.5,0.15
7,Group 1,5,BB,2016,-0.5,0.15
10,Group 1,5,BB,2018,1.5,0.6
11,Group 1,5,BB,2015,-1.5,0.546
11,Group 1,5,BB,2016,-0.5,0.546
13,Group 1,5,BB,2018,1.5,0.8075
9,Group 1,5,BB,2015,-1.5,0.243
9,Group 1,5,BB,2016,-0.5,0.243
11,Group 1,5,BB,2018,1.5,0.72
9,Group 1,5,BB,2015,-1.5,0.45
9,Group 1,5,BB,2016,-0.5,0.45
11,Group 1,5,BB,2018,1.5,0.72
10,Group 1,5,BB,2016,-0.5,0.486
12,Group 1,5,BB,2018,1.5,0.7125
10,Group 1,5,BB,2018,1.5,0.6
7,Group 1,5,BB,2015,-1.5,0.14
7,Group 1,5,BB,2016,-0.5,0.14
10,Group 1,5,BB,2018,1.5,0.525
9,Group 1,5,BB,2015,-1.5,0.42
9,Group 1,5,BB,2016,-0.5,0.42
10,Group 1,5,BB,2018,1.5,0.6
9,Group 1,13,BB,2015,-1.5,0.42
9,Group 1,13,BB,2016,-0.5,0.42
11,Group 1,13,BB,2018,1.5,0.68
7,Group 1,13,BB,2015,-1.5,0.18
7,Group 1,13,BB,2016,-0.5,0.18
10,Group 1,13,BB,2018,1.5,0.64
8,Group 1,13,BB,2015,-1.5,0.36
8,Group 1,13,BB,2016,-0.5,0.36
10,Group 1,13,BB,2018,1.5,0.64
6,Group 1,13,BB,2015,-1.5,0.09
6,Group 1,13,BB,2016,-0.5,0.09
10,Group 1,13,BB,2018,1.5,0.6
10,Group 1,13,BB,2015,-1.5,0.486
10,Group 1,13,BB,2016,-0.5,0.486
11,Group 1,13,BB,2018,1.5,0.675
8,Group 1,13,BB,2015,-1.5,0.36
8,Group 1,13,BB,2016,-0.5,0.36
10,Group 1,13,BB,2018,1.5,0.6
8,Group 1,13,BB,2015,-1.5,0.21
8,Group 1,13,BB,2016,-0.5,0.21
11,Group 1,13,BB,2018,1.5,0.68
7,Group 1,13,BB,2015,-1.5,0.18
7,Group 1,13,BB,2016,-0.5,0.18
11,Group 1,13,BB,2018,1.5,0.6375
7,Group 1,13,BB,2015,-1.5,0.15
7,Group 1,13,BB,2016,-0.5,0.15
10,Group 1,13,BB,2018,1.5,0.52
5,Group 1,13,BB,2015,-1.5,0.06
5,Group 1,13,BB,2016,-0.5,0.06
10,Group 1,13,BB,2018,1.5,0.5625
8,Group 1,13,BB,2015,-1.5,0.21
8,Group 1,13,BB,2016,-0.5,0.21
11,Group 1,13,BB,2018,1.5,0.595
7,Group 1,13,BB,2015,-1.5,0.14
7,Group 1,13,BB,2016,-0.5,0.14
10,Group 1,13,BB,2018,1.5,0.5625
6,Group 1,13,BB,2015,-1.5,0.1
6,Group 1,13,BB,2016,-0.5,0.1
10,Group 1,13,BB,2018,1.5,0.6
5,Group 1,13,BB,2015,-1.5,0.06
5,Group 1,13,BB,2016,-0.5,0.06
10,Group 1,13,BB,2018,1.5,0.64
5,Group 1,13,BB,2015,-1.5,0.06
5,Group 1,13,BB,2016,-0.5,0.06
9,Group 1,13,BB,2018,1.5,0.375
6,Group 1,13,BB,2015,-1.5,0.09
6,Group 1,13,BB,2016,-0.5,0.09
10,Group 1,13,BB,2018,1.5,0.6
6,Group 1,13,BB,2015,-1.5,0.09
6,Group 1,13,BB,2016,-0.5,0.09
10,Group 1,13,BB,2018,1.5,0.525
6,Group 1,13,BB,2015,-1.5,0.12
6,Group 1,13,BB,2016,-0.5,0.12
10,Group 1,13,BB,2018,1.5,0.455
6,Group 1,13,BB,2015,-1.5,0.09
6,Group 1,13,BB,2016,-0.5,0.09
10,Group 1,13,BB,2018,1.5,0.5625
6,Group 1,13,BB,2015,-1.5,0.09
6,Group 1,13,BB,2016,-0.5,0.09
10,Group 1,13,BB,2018,1.5,0.6
6,Group 1,13,BB,2015,-1.5,0.1
6,Group 1,13,BB,2016,-0.5,0.1
10,Group 1,13,BB,2018,1.5,0.6
9,Group 1,13,BB,2015,-1.5,0.42
9,Group 1,13,BB,2016,-0.5,0.42
10,Group 1,13,BB,2018,1.5,0.64
8,Group 1,13,BB,2015,-1.5,0.36
8,Group 1,13,BB,2016,-0.5,0.36
11,Group 1,13,BB,2018,1.5,0.6375
9,Group 1,13,BB,2015,-1.5,0.42
9,Group 1,13,BB,2016,-0.5,0.42
11,Group 1,13,BB,2018,1.5,0.68
9,Group 1,13,BB,2015,-1.5,0.42
9,Group 1,13,BB,2016,-0.5,0.42
10,Group 1,13,BB,2018,1.5,0.6
9,Group 1,13,BB,2015,-1.5,0.243
9,Group 1,13,BB,2016,-0.5,0.243
12,Group 1,13,BB,2018,1.5,0.7225
7,Group 1,13,BB,2015,-1.5,0.18
7,Group 1,13,BB,2016,-0.5,0.18
10,Group 1,13,BB,2018,1.5,0.64
9,Group 1,13,BB,2015,-1.5,0.42
9,Group 1,13,BB,2016,-0.5,0.42
10,Group 1,13,BB,2018,1.5,0.64
9,Group 1,13,BB,2015,-1.5,0.42
9,Group 1,13,BB,2016,-0.5,0.42
10,Group 1,13,BB,2018,1.5,0.6
12,Group 1,13,BB,2015,-1.5,0.637
12,Group 1,13,BB,2016,-0.5,0.637
12,Group 1,13,BB,2018,1.5,0.7125
